,geneID,x,y,MIDCounts,newx,newy
10342191,Ccl24,6837,15394,1,3612,9219
10342192,Ccl24,12554,14864,1,9329,8689
10342193,Ccl24,6963,15541,3,3738,9366
10342194,Ccl24,6724,15792,1,3499,9617
10342195,Ccl24,5532,10319,1,2307,4144
10342196,Ccl24,9445,15504,1,6220,9329
10342197,Ccl24,7992,14772,1,4767,8597
10342198,Ccl24,6802,15402,1,3577,9227
10342199,Ccl24,5372,9358,2,2147,3183
10342200,Ccl24,7757,14819,1,4532,8644
10342201,Ccl24,6074,15624,1,2849,9449
10342202,Ccl24,6417,15327,1,3192,9152
10342203,Ccl24,6819,15371,1,3594,9196
10342204,Ccl24,9421,10449,1,6196,4274
10342205,Ccl24,7721,15401,4,4496,9226
10342206,Ccl24,8425,13157,1,5200,6982
10342207,Ccl24,6099,15625,1,2874,9450
10342208,Ccl24,6783,15413,1,3558,9238
10342209,Ccl24,8314,13399,2,5089,7224
10342210,Ccl24,10880,9550,3,7655,3375
10342211,Ccl24,8231,14894,1,5006,8719
10342212,Ccl24,7751,14836,1,4526,8661
10342213,Ccl24,8774,12431,2,5549,6256
10342214,Ccl24,5274,11128,2,2049,4953
10342215,Ccl24,9537,11438,2,6312,5263
10342216,Ccl24,5821,15697,1,2596,9522
10342217,Ccl24,5974,15710,2,2749,9535
10342218,Ccl24,4627,10905,1,1402,4730
10342219,Ccl24,12677,11816,1,9452,5641
10342220,Ccl24,6985,15318,1,3760,9143
10342221,Ccl24,10774,8662,1,7549,2487
10342222,Ccl24,6868,15404,1,3643,9229
10342223,Ccl24,6766,15522,2,3541,9347
10342224,Ccl24,6783,15418,3,3558,9243
10342225,Ccl24,9313,17587,2,6088,11412
10342226,Ccl24,6067,15640,1,2842,9465
10342227,Ccl24,7717,14840,4,4492,8665
10342228,Ccl24,3732,11507,4,507,5332
10342229,Ccl24,8372,13363,2,5147,7188
10729561,Cd74,8656,13490,1,5431,7315
10729562,Cd74,6335,16023,1,3110,9848
10729563,Cd74,8532,10647,4,5307,4472
10729564,Cd74,10539,8195,1,7314,2020
10729565,Cd74,9837,6919,3,6612,744
10729566,Cd74,5571,9307,1,2346,3132
10729567,Cd74,8195,16814,1,4970,10639
10729568,Cd74,9234,16386,1,6009,10211
10729569,Cd74,6049,15657,1,2824,9482
10729570,Cd74,4547,12912,1,1322,6737
10729571,Cd74,5709,16468,1,2484,10293
10729572,Cd74,12149,11561,1,8924,5386
10729573,Cd74,6261,9257,2,3036,3082
10729574,Cd74,7793,14883,4,4568,8708
10729575,Cd74,10994,16672,1,7769,10497
10729576,Cd74,12259,10283,1,9034,4108
10729577,Cd74,6617,8201,2,3392,2026
10729578,Cd74,5883,9262,1,2658,3087
10729579,Cd74,4145,10245,2,920,4070
10729580,Cd74,6998,15332,1,3773,9157
10729581,Cd74,4150,10241,4,925,4066
10729582,Cd74,7812,14826,1,4587,8651
10729583,Cd74,8197,13255,1,4972,7080
10729584,Cd74,8265,13420,1,5040,7245
10729585,Cd74,9116,12824,3,5891,6649
10729586,Cd74,7517,13061,1,4292,6886
10729587,Cd74,10469,7372,1,7244,1197
10729588,Cd74,6242,15811,2,3017,9636
10729589,Cd74,8410,6484,3,5185,309
10729590,Cd74,12879,9897,1,9654,3722
10729591,Cd74,6560,15158,1,3335,8983
10729592,Cd74,9973,8765,1,6748,2590
10729593,Cd74,6555,15474,2,3330,9299
10729594,Cd74,6509,14842,1,3284,8667
10729595,Cd74,6613,15897,4,3388,9722
10729596,Cd74,10104,8767,1,6879,2592
10729597,Cd74,5991,9324,1,2766,3149
10729598,Cd74,6252,9272,1,3027,3097
10729599,Cd74,7402,17857,2,4177,11682
10729600,Cd74,8718,12512,1,5493,6337
10729601,Cd74,6249,9235,1,3024,3060
10729602,Cd74,12854,10150,1,9629,3975
10729603,Cd74,6458,14745,1,3233,8570
10729604,Cd74,9977,10873,1,6752,4698
10729605,Cd74,9811,13671,3,6586,7496
10729606,Cd74,3859,12815,3,634,6640
10729607,Cd74,8339,13458,2,5114,7283
10729608,Cd74,13089,13325,1,9864,7150
10729609,Cd74,4149,10244,2,924,4069
10729610,Cd74,5425,14981,2,2200,8806
10729611,Cd74,4138,10238,3,913,4063
10729612,Cd74,9710,9105,1,6485,2930
10729613,Cd74,4142,10237,1,917,4062
10729614,Cd74,8496,14432,2,5271,8257
10729615,Cd74,9784,11797,2,6559,5622
10729616,Cd74,11882,9181,2,8657,3006
10729617,Cd74,9306,12928,3,6081,6753
10729618,Cd74,10997,7519,3,7772,1344
10729619,Cd74,9223,8593,1,5998,2418
10729620,Cd74,5659,9259,1,2434,3084
10729621,Cd74,4637,10286,2,1412,4111
10729622,Cd74,5705,9265,1,2480,3090
10729623,Cd74,6534,7180,4,3309,1005
10729624,Cd74,11057,6966,2,7832,791
10729625,Cd74,10267,16624,1,7042,10449
10729626,Cd74,10526,8216,3,7301,2041
10729627,Cd74,8895,14133,1,5670,7958
10729628,Cd74,5561,9320,2,2336,3145
10729629,Cd74,9257,10173,1,6032,3998
10729630,Cd74,7731,14939,1,4506,8764
10729631,Cd74,13151,10018,2,9926,3843
10729632,Cd74,6911,14583,4,3686,8408
10729633,Cd74,10915,7782,2,7690,1607
10729634,Cd74,6063,15212,4,2838,9037
10729635,Cd74,12396,15079,3,9171,8904
10729636,Cd74,9104,9351,4,5879,3176
10729637,Cd74,10396,8868,1,7171,2693
10729638,Cd74,10221,6434,1,6996,259
10729639,Cd74,9691,7977,1,6466,1802
10729640,Cd74,5879,15265,1,2654,9090
10729641,Cd74,9694,18014,1,6469,11839
10729642,Cd74,11004,15244,2,7779,9069
10729643,Cd74,7109,15724,3,3884,9549
10729644,Cd74,11557,13740,2,8332,7565
10729645,Cd74,5690,9271,1,2465,3096
10729646,Cd74,8046,14351,1,4821,8176
10729647,Cd74,10962,7859,2,7737,1684
10729648,Cd74,8550,15529,1,5325,9354
10729649,Cd74,8891,6563,2,5666,388
10729650,Cd74,13434,11054,1,10209,4879
10729651,Cd74,13068,13317,2,9843,7142
10729652,Cd74,5428,15154,2,2203,8979
10729653,Cd74,13364,13628,1,10139,7453
10729654,Cd74,4157,10254,2,932,4079
10729655,Cd74,8102,13865,1,4877,7690
10729656,Cd74,6407,7458,1,3182,1283
10729657,Cd74,7633,19539,2,4408,13364
10729658,Cd74,13396,12388,2,10171,6213
10729659,Cd74,13087,13321,2,9862,7146
10729660,Cd74,4318,10417,4,1093,4242
10729661,Cd74,8834,6681,2,5609,506
10729662,Cd74,11087,6965,1,7862,790
10729663,Cd74,9793,11904,3,6568,5729
10729664,Cd74,10341,6697,1,7116,522
10729665,Cd74,7802,14912,1,4577,8737
10729666,Cd74,11369,9715,1,8144,3540
10729667,Cd74,3501,10924,4,276,4749
10729668,Cd74,13082,13322,2,9857,7147
10729669,Cd74,8264,13420,1,5039,7245
10729670,Cd74,6986,15339,3,3761,9164
10729671,Cd74,10602,16941,1,7377,10766
10729672,Cd74,11625,9692,1,8400,3517
10729673,Cd74,6305,17309,1,3080,11134
10729674,Cd74,8612,18483,1,5387,12308
10729675,Cd74,6521,15456,1,3296,9281
10729676,Cd74,11319,7980,1,8094,1805
10729677,Cd74,6132,13776,4,2907,7601
10729678,Cd74,11078,16508,2,7853,10333
10729679,Cd74,9676,8447,3,6451,2272
10729680,Cd74,11847,15837,1,8622,9662
10729681,Cd74,5225,14191,3,2000,8016
10729682,Cd74,11840,15747,1,8615,9572
10729683,Cd74,5395,11254,1,2170,5079
10729684,Cd74,7706,13877,3,4481,7702
10729685,Cd74,12785,8828,1,9560,2653
10729686,Cd74,10416,6701,2,7191,526
10729687,Cd74,6995,15335,1,3770,9160
10729688,Cd74,10519,13957,1,7294,7782
10729689,Cd74,7629,19680,1,4404,13505
10729690,Cd74,5421,9152,2,2196,2977
10729691,Cd74,5172,10460,3,1947,4285
10729692,Cd74,10254,6640,1,7029,465
10729693,Cd74,9860,6596,1,6635,421
10729694,Cd74,10913,7489,1,7688,1314
10729695,Cd74,6253,9255,3,3028,3080
10729696,Cd74,5599,9148,3,2374,2973
10729697,Cd74,5691,9265,1,2466,3090
10729698,Cd74,13217,10228,4,9992,4053
10729699,Cd74,7335,15786,2,4110,9611
10729700,Cd74,6196,9260,2,2971,3085
10729701,Cd74,8872,6961,1,5647,786
10729702,Cd74,6389,15571,1,3164,9396
10729703,Cd74,8859,6518,2,5634,343
10729704,Cd74,10184,17609,2,6959,11434
10729705,Cd74,11043,16658,3,7818,10483
10729706,Cd74,11168,9566,1,7943,3391
10729707,Cd74,5233,11832,1,2008,5657
10729708,Cd74,11818,13740,4,8593,7565
10729709,Cd74,6042,15636,3,2817,9461
10729710,Cd74,8855,14360,1,5630,8185
10729711,Cd74,6968,15318,2,3743,9143
10729712,Cd74,6579,15477,1,3354,9302
10729713,Cd74,4226,9787,1,1001,3612
10729714,Cd74,5887,9265,1,2662,3090
10729715,Cd74,5689,9249,4,2464,3074
10729716,Cd74,12370,10668,2,9145,4493
10729717,Cd74,8365,13435,4,5140,7260
10729718,Cd74,4967,13626,4,1742,7451
10729719,Cd74,8927,13409,6,5702,7234
10729720,Cd74,8678,12499,4,5453,6324
10729721,Cd74,7494,11583,1,4269,5408
10729722,Cd74,6264,9283,1,3039,3108
10729723,Cd74,5348,15432,3,2123,9257
10729724,Cd74,13295,9771,1,10070,3596
10729725,Cd74,10332,6718,2,7107,543
10729726,Cd74,8435,6498,4,5210,323
10729727,Cd74,10912,7791,2,7687,1616
10729728,Cd74,10906,7803,4,7681,1628
10729729,Cd74,11860,15744,1,8635,9569
10729730,Cd74,10847,13507,2,7622,7332
10729731,Cd74,8377,15848,2,5152,9673
10729732,Cd74,10910,7792,4,7685,1617
10729733,Cd74,13045,9761,1,9820,3586
10729734,Cd74,4132,10249,2,907,4074
10729735,Cd74,10351,8184,2,7126,2009
10729736,Cd74,6973,15352,2,3748,9177
10729737,Cd74,3776,10407,3,551,4232
10729738,Cd74,6060,15647,3,2835,9472
10729739,Cd74,5378,9116,2,2153,2941
10729740,Cd74,10932,7807,1,7707,1632
10729741,Cd74,7437,10988,2,4212,4813
10729742,Cd74,5704,9265,2,2479,3090
10729743,Cd74,10875,8039,1,7650,1864
10729744,Cd74,13238,10182,2,10013,4007
10729745,Cd74,6414,7448,1,3189,1273
10729746,Cd74,8717,12532,1,5492,6357
10729747,Cd74,6704,15428,3,3479,9253
10729748,Cd74,10941,7766,2,7716,1591
10729749,Cd74,5555,9300,1,2330,3125
10729750,Cd74,6781,9666,3,3556,3491
10729751,Cd74,5301,9216,1,2076,3041
10729752,Cd74,5700,9272,1,2475,3097
10729753,Cd74,10516,8224,3,7291,2049
10729754,Cd74,8511,7659,1,5286,1484
10729755,Cd74,4151,10226,3,926,4051
10729756,Cd74,5986,9326,1,2761,3151
10729757,Cd74,10660,16961,1,7435,10786
10729758,Cd74,8717,12518,4,5492,6343
10729759,Cd74,4143,10240,2,918,4065
10729760,Cd74,10911,7844,1,7686,1669
10729761,Cd74,9472,17928,2,6247,11753
10729762,Cd74,7760,13017,1,4535,6842
10729763,Cd74,10903,7791,2,7678,1616
10729764,Cd74,5995,9328,1,2770,3153
10729765,Cd74,13248,10307,3,10023,4132
10729766,Cd74,7077,15417,1,3852,9242
10729767,Cd74,4142,10234,2,917,4059
10729768,Cd74,10444,6683,3,7219,508
10729769,Cd74,7364,14746,3,4139,8571
10729770,Cd74,7459,11584,1,4234,5409
10729771,Cd74,7038,15309,3,3813,9134
10729772,Cd74,5568,9163,1,2343,2988
10729773,Cd74,10766,8377,1,7541,2202
10729774,Cd74,4142,10238,4,917,4063
10729775,Cd74,6953,15853,3,3728,9678
10729776,Cd74,9691,17951,1,6466,11776
10729777,Cd74,11477,13446,2,8252,7271
10729778,Cd74,4143,10236,1,918,4061
10729779,Cd74,10810,17003,1,7585,10828
10729780,Cd74,6673,15854,1,3448,9679
10729781,Cd74,5957,15235,2,2732,9060
10729782,Cd74,6374,15578,1,3149,9403
10729783,Cd74,13228,10200,2,10003,4025
10729784,Cd74,13052,9768,2,9827,3593
10729785,Cd74,6215,9287,1,2990,3112
10729786,Cd74,6235,8318,1,3010,2143
10729787,Cd74,13222,10218,1,9997,4043
10729788,Cd74,13043,9765,1,9818,3590
10729789,Cd74,5993,9613,1,2768,3438
10729790,Cd74,10917,16063,1,7692,9888
10729791,Cd74,10401,8300,2,7176,2125
10729792,Cd74,10899,14150,1,7674,7975
10729793,Cd74,5656,15792,3,2431,9617
10729794,Cd74,4138,10230,2,913,4055
10729795,Cd74,7796,14906,3,4571,8731
10729796,Cd74,4758,12058,1,1533,5883
10729797,Cd74,11106,16496,1,7881,10321
10729798,Cd74,5694,9274,2,2469,3099
10729799,Cd74,13091,13319,1,9866,7144
10729800,Cd74,6283,9285,1,3058,3110
10729801,Cd74,7883,9588,2,4658,3413
10729802,Cd74,8278,14293,1,5053,8118
10729803,Cd74,12833,8922,2,9608,2747
10729804,Cd74,10497,8175,1,7272,2000
10729805,Cd74,11853,7475,1,8628,1300
10729806,Cd74,7402,17858,3,4177,11683
10729807,Cd74,5698,9266,1,2473,3091
10729808,Cd74,6720,15554,1,3495,9379
10729809,Cd74,4455,11189,1,1230,5014
10729810,Cd74,10097,16781,1,6872,10606
10729811,Cd74,13069,13335,2,9844,7160
10729812,Cd74,11932,13273,2,8707,7098
10729813,Cd74,10209,16804,1,6984,10629
10729814,Cd74,11799,15051,1,8574,8876
10729815,Cd74,5687,9263,1,2462,3088
10729816,Cd74,5784,10937,1,2559,4762
10729817,Cd74,5240,13793,2,2015,7618
10729818,Cd74,6228,9247,1,3003,3072
10729819,Cd74,7886,14657,1,4661,8482
10729820,Cd74,7006,14027,1,3781,7852
10729821,Cd74,6249,9285,1,3024,3110
10729822,Cd74,5124,11606,1,1899,5431
10729823,Cd74,10220,15819,1,6995,9644
10729824,Cd74,10950,6853,1,7725,678
10729825,Cd74,8198,17096,1,4973,10921
10729826,Cd74,13318,11659,1,10093,5484
10729827,Cd74,12680,12447,1,9455,6272
10729828,Cd74,9141,13603,1,5916,7428
10729829,Cd74,8459,13221,1,5234,7046
10729830,Cd74,10276,15617,1,7051,9442
10729831,Cd74,8258,18362,1,5033,12187
10729832,Cd74,7745,10779,1,4520,4604
10729833,Cd74,6471,15429,1,3246,9254
10729834,Cd74,10907,7806,2,7682,1631
10729835,Cd74,5565,9324,1,2340,3149
10729836,Cd74,4750,12199,1,1525,6024
10729837,Cd74,9695,17958,1,6470,11783
10729838,Cd74,7669,6345,1,4444,170
10729839,Cd74,7421,10411,1,4196,4236
10729840,Cd74,11166,14849,1,7941,8674
10729841,Cd74,8420,6493,2,5195,318
10729842,Cd74,8845,6515,1,5620,340
10729843,Cd74,10232,17647,1,7007,11472
10729844,Cd74,5692,9267,2,2467,3092
10729845,Cd74,8722,15035,1,5497,8860
10729846,Cd74,4784,13399,1,1559,7224
10729847,Cd74,6211,9275,1,2986,3100
10729848,Cd74,11686,7670,1,8461,1495
10729849,Cd74,6538,16456,1,3313,10281
10729850,Cd74,10973,16668,1,7748,10493
10729851,Cd74,5900,9169,1,2675,2994
10729852,Cd74,7822,12397,1,4597,6222
10729853,Cd74,4550,13775,1,1325,7600
10729854,Cd74,6611,8226,1,3386,2051
10729855,Cd74,12992,9688,1,9767,3513
10729856,Cd74,7380,15126,1,4155,8951
10729857,Cd74,6662,17796,1,3437,11621
10729858,Cd74,5718,9668,1,2493,3493
10729859,Cd74,6139,15643,1,2914,9468
10729860,Cd74,8011,10067,1,4786,3892
10729861,Cd74,9122,13981,1,5897,7806
10729862,Cd74,4145,10237,1,920,4062
10729863,Cd74,10468,7302,1,7243,1127
10729864,Cd74,12296,9313,1,9071,3138
10729865,Cd74,11094,7955,2,7869,1780
10729866,Cd74,4158,10347,3,933,4172
21383930,F13a1,5292,14911,1,2067,8736
21383931,F13a1,12931,10247,1,9706,4072
21383932,F13a1,6401,13765,1,3176,7590
21383933,F13a1,6885,15526,1,3660,9351
21383934,F13a1,11571,8367,1,8346,2192
21383935,F13a1,6462,9089,1,3237,2914
21383936,F13a1,8448,7124,1,5223,949
21383937,F13a1,10405,9656,1,7180,3481
21383938,F13a1,8240,6839,1,5015,664
21383939,F13a1,8811,16322,1,5586,10147
21383940,F13a1,5558,9449,1,2333,3274
21383941,F13a1,7449,9048,2,4224,2873
21383942,F13a1,10000,6877,4,6775,702
21383943,F13a1,10607,17040,1,7382,10865
21383944,F13a1,13274,12753,1,10049,6578
21383945,F13a1,8434,16053,3,5209,9878
21383946,F13a1,8748,14066,1,5523,7891
21383947,F13a1,5037,10612,1,1812,4437
21383948,F13a1,4326,12941,2,1101,6766
21383949,F13a1,4528,12043,3,1303,5868
21383950,F13a1,11570,9023,4,8345,2848
21383951,F13a1,6177,15505,1,2952,9330
21383952,F13a1,6393,7485,2,3168,1310
21383953,F13a1,11567,9018,4,8342,2843
21383954,F13a1,9672,7233,1,6447,1058
21383955,F13a1,7910,14680,1,4685,8505
21383956,F13a1,11109,10725,3,7884,4550
21383957,F13a1,5866,14341,2,2641,8166
21383958,F13a1,8509,16472,2,5284,10297
21383959,F13a1,8623,9564,2,5398,3389
21383960,F13a1,6219,11502,3,2994,5327
21383961,F13a1,12521,12700,1,9296,6525
21383962,F13a1,9367,10964,1,6142,4789
21383963,F13a1,7143,18570,2,3918,12395
21383964,F13a1,9755,12223,1,6530,6048
21383965,F13a1,11888,15636,3,8663,9461
21383966,F13a1,6510,16776,1,3285,10601
21383967,F13a1,9033,8587,1,5808,2412
21383968,F13a1,11248,7072,2,8023,897
21383969,F13a1,8162,14885,1,4937,8710
21383970,F13a1,7372,6372,1,4147,197
21383971,F13a1,6603,16244,2,3378,10069
21383972,F13a1,10414,7236,1,7189,1061
21383973,F13a1,6396,7483,1,3171,1308
21383974,F13a1,10087,11899,3,6862,5724
21383975,F13a1,7374,6244,3,4149,69
21383976,F13a1,8596,19025,1,5371,12850
21383977,F13a1,10032,12272,3,6807,6097
21383978,F13a1,10079,16378,1,6854,10203
21383979,F13a1,8422,8124,1,5197,1949
21383980,F13a1,8340,18771,1,5115,12596
21383981,F13a1,6987,6554,1,3762,379
21383982,F13a1,7346,19641,3,4121,13466
21383983,F13a1,9557,9644,1,6332,3469
21383984,F13a1,6887,15521,2,3662,9346
21383985,F13a1,7063,6564,1,3838,389
21383986,F13a1,7185,6318,4,3960,143
21383987,F13a1,6672,9488,1,3447,3313
21383988,F13a1,9449,10461,1,6224,4286
21383989,F13a1,6425,7342,2,3200,1167
21383990,F13a1,13067,9546,1,9842,3371
21383991,F13a1,13394,10294,3,10169,4119
21383992,F13a1,11478,9829,1,8253,3654
21383993,F13a1,9333,10491,1,6108,4316
21383994,F13a1,6435,7343,1,3210,1168
21383995,F13a1,10664,17002,2,7439,10827
21383996,F13a1,6084,16857,1,2859,10682
21383997,F13a1,6452,15577,1,3227,9402
21383998,F13a1,8663,11263,1,5438,5088
21383999,F13a1,7950,10421,1,4725,4246
21384000,F13a1,8682,8764,2,5457,2589
21384001,F13a1,12926,10183,1,9701,4008
21384002,F13a1,7359,12016,1,4134,5841
21384003,F13a1,11119,8232,1,7894,2057
21384004,F13a1,6124,9324,3,2899,3149
21384005,F13a1,7404,19681,1,4179,13506
21384006,F13a1,9891,14422,1,6666,8247
21384007,F13a1,12042,13990,1,8817,7815
21384008,F13a1,6544,12578,1,3319,6403
21384009,F13a1,7488,19471,1,4263,13296
21384010,F13a1,9428,6423,1,6203,248
21384011,F13a1,9994,16444,1,6769,10269
21384012,F13a1,7978,11376,1,4753,5201
21384013,F13a1,9017,13827,1,5792,7652
21384014,F13a1,11880,15681,1,8655,9506
21384015,F13a1,8110,10630,1,4885,4455
21384016,F13a1,8986,14387,1,5761,8212
21384017,F13a1,8494,8837,2,5269,2662
21384018,F13a1,4959,14557,1,1734,8382
21384019,F13a1,12454,9582,2,9229,3407
21384020,F13a1,9728,16379,1,6503,10204
21384021,F13a1,10298,13082,1,7073,6907
21384022,F13a1,10678,6736,2,7453,561
21384023,F13a1,4215,10035,1,990,3860
21384024,F13a1,13243,10083,2,10018,3908
21384025,F13a1,5226,9272,2,2001,3097
21384026,F13a1,9963,17828,1,6738,11653
21384027,F13a1,8360,7187,2,5135,1012
21384028,F13a1,7454,6361,2,4229,186
21384029,F13a1,5604,14327,1,2379,8152
21384030,F13a1,6617,9444,1,3392,3269
21384031,F13a1,12917,13994,1,9692,7819
21384032,F13a1,10135,11820,3,6910,5645
21384033,F13a1,6884,15531,2,3659,9356
21384034,F13a1,10161,8518,1,6936,2343
21384035,F13a1,9802,13276,1,6577,7101
21384036,F13a1,8554,15109,1,5329,8934
21384037,F13a1,6885,15530,1,3660,9355
21384038,F13a1,7538,19194,1,4313,13019
21384039,F13a1,13091,10609,1,9866,4434
21384040,F13a1,13369,12157,4,10144,5982
21384041,F13a1,6780,15986,1,3555,9811
21384042,F13a1,11474,9803,2,8249,3628
21384043,F13a1,11080,8253,1,7855,2078
21384044,F13a1,10030,11376,1,6805,5201
21384045,F13a1,6798,6675,3,3573,500
21384046,F13a1,5778,9323,2,2553,3148
21384047,F13a1,13014,9550,1,9789,3375
21384048,F13a1,4447,10740,2,1222,4565
21384049,F13a1,5497,11607,3,2272,5432
21384050,F13a1,5709,16392,1,2484,10217
21384051,F13a1,6898,8624,1,3673,2449
21384052,F13a1,12690,10798,1,9465,4623
21384053,F13a1,10216,7715,1,6991,1540
21384054,F13a1,4053,12435,3,828,6260
21384055,F13a1,8209,16516,1,4984,10341
21384056,F13a1,4360,9902,3,1135,3727
21384057,F13a1,10989,12448,1,7764,6273
21384058,F13a1,6048,10637,1,2823,4462
21384059,F13a1,9178,7407,1,5953,1232
21384060,F13a1,13367,11037,1,10142,4862
21384061,F13a1,9047,9428,1,5822,3253
21384062,F13a1,7020,6536,1,3795,361
21384063,F13a1,6867,8589,3,3642,2414
21384064,F13a1,10298,15967,1,7073,9792
21384065,F13a1,10078,11885,1,6853,5710
21384066,F13a1,6719,15415,1,3494,9240
21384067,F13a1,6355,9412,3,3130,3237
21384068,F13a1,9250,9595,1,6025,3420
21384069,F13a1,12851,9078,1,9626,2903
21384070,F13a1,13377,11052,1,10152,4877
21384071,F13a1,10043,6702,2,6818,527
21384072,F13a1,11364,7393,1,8139,1218
21384073,F13a1,11654,14559,2,8429,8384
21384074,F13a1,7808,10715,3,4583,4540
21384075,F13a1,9177,7406,4,5952,1231
21384076,F13a1,8502,11098,1,5277,4923
21384077,F13a1,8237,19092,1,5012,12917
21384078,F13a1,8562,11168,4,5337,4993
21384079,F13a1,5703,9315,1,2478,3140
21384080,F13a1,9206,17466,1,5981,11291
21384081,F13a1,4541,12906,2,1316,6731
21384082,F13a1,6885,15531,1,3660,9356
21384083,F13a1,8993,16336,1,5768,10161
21384084,F13a1,7750,13280,2,4525,7105
21384085,F13a1,4611,10888,1,1386,4713
21384086,F13a1,11471,9393,1,8246,3218
21384087,F13a1,9992,9031,1,6767,2856
21384088,F13a1,9039,13698,1,5814,7523
21384089,F13a1,7548,16163,1,4323,9988
21384090,F13a1,6599,7971,1,3374,1796
21384091,F13a1,8622,9564,1,5397,3389
21384092,F13a1,7953,15535,1,4728,9360
21384093,F13a1,6833,8932,1,3608,2757
21384094,F13a1,9238,10008,1,6013,3833
21384095,F13a1,10004,6568,4,6779,393
21384096,F13a1,6408,7374,1,3183,1199
21384097,F13a1,6463,7272,3,3238,1097
21384098,F13a1,11571,9022,1,8346,2847
21384099,F13a1,10056,16843,1,6831,10668
21384100,F13a1,9883,8030,1,6658,1855
21384101,F13a1,12343,9639,3,9118,3464
21384102,F13a1,6806,9565,3,3581,3390
21384103,F13a1,10988,12448,3,7763,6273
21384104,F13a1,8677,11333,1,5452,5158
21384105,F13a1,10606,16296,2,7381,10121
21384106,F13a1,10057,10665,2,6832,4490
21384107,F13a1,5984,9185,2,2759,3010
21384108,F13a1,6687,6935,1,3462,760
21384109,F13a1,6715,11904,1,3490,5729
21384110,F13a1,6733,17131,1,3508,10956
21384111,F13a1,12299,14160,1,9074,7985
21384112,F13a1,10296,8627,1,7071,2452
21384113,F13a1,7063,19749,1,3838,13574
21384114,F13a1,4695,12791,3,1470,6616
21384115,F13a1,9283,9592,2,6058,3417
21384116,F13a1,10294,17542,1,7069,11367
21384117,F13a1,10858,12997,3,7633,6822
21384118,F13a1,8081,13521,4,4856,7346
21384119,F13a1,6368,7347,1,3143,1172
21384120,F13a1,10455,16063,1,7230,9888
21384121,F13a1,12817,11803,1,9592,5628
21384122,F13a1,11190,7962,4,7965,1787
21384123,F13a1,12046,10687,1,8821,4512
21384124,F13a1,8476,12427,2,5251,6252
21384125,F13a1,9389,13006,1,6164,6831
21384126,F13a1,7081,15788,1,3856,9613
21384127,F13a1,12321,7752,1,9096,1577
21384128,F13a1,10032,12273,3,6807,6098
21384129,F13a1,6572,18061,2,3347,11886
21384130,F13a1,8157,14880,2,4932,8705
21384131,F13a1,10867,15259,1,7642,9084
21384132,F13a1,5608,11732,1,2383,5557
21384133,F13a1,11598,8248,1,8373,2073
21384134,F13a1,4062,10859,2,837,4684
21384135,F13a1,11000,10617,1,7775,4442
21384136,F13a1,5827,14325,3,2602,8150
21384137,F13a1,7451,6356,1,4226,181
21384138,F13a1,7845,12301,1,4620,6126
21384139,F13a1,10976,8971,1,7751,2796
21384140,F13a1,9701,16046,1,6476,9871
21384141,F13a1,8686,6591,1,5461,416
21384142,F13a1,13582,10843,2,10357,4668
21384143,F13a1,13590,11119,2,10365,4944
21384144,F13a1,8318,12587,1,5093,6412
21384145,F13a1,10857,12926,1,7632,6751
21384146,F13a1,8674,11224,3,5449,5049
21384147,F13a1,11605,7632,2,8380,1457
21384148,F13a1,8659,11276,3,5434,5101
21384149,F13a1,8844,12417,2,5619,6242
21384150,F13a1,11827,15682,1,8602,9507
21384151,F13a1,5338,14479,4,2113,8304
21384152,F13a1,8375,6957,2,5150,782
21384153,F13a1,12982,12654,1,9757,6479
21384154,F13a1,11587,7086,1,8362,911
21384155,F13a1,7983,15511,1,4758,9336
21384156,F13a1,5449,13881,1,2224,7706
21384157,F13a1,4335,10130,1,1110,3955
21384158,F13a1,6694,16195,1,3469,10020
21384159,F13a1,8392,6505,1,5167,330
21384160,F13a1,11585,14460,1,8360,8285
21384161,F13a1,6578,13447,1,3353,7272
21384162,F13a1,6727,12067,1,3502,5892
21384163,F13a1,9592,13976,1,6367,7801
21384164,F13a1,9260,6546,2,6035,371
21384165,F13a1,10767,15563,1,7542,9388
21384166,F13a1,13555,11611,1,10330,5436
21384167,F13a1,9168,18433,1,5943,12258
21384168,F13a1,5898,14889,2,2673,8714
21384169,F13a1,8345,12992,1,5120,6817
21384170,F13a1,6830,18489,1,3605,12314
21384171,F13a1,6395,7485,2,3170,1310
21384172,F13a1,11094,10624,3,7869,4449
39970348,Lyz2,6887,15546,1,3662,9371
39970349,Lyz2,6989,12398,1,3764,6223
39970350,Lyz2,6379,15607,1,3154,9432
39970351,Lyz2,10205,17778,2,6980,11603
39970352,Lyz2,8200,13423,2,4975,7248
39970353,Lyz2,8380,13337,1,5155,7162
39970354,Lyz2,10543,6653,1,7318,478
39970355,Lyz2,9464,13687,1,6239,7512
39970356,Lyz2,7593,10226,1,4368,4051
39970357,Lyz2,5870,15732,1,2645,9557
39970358,Lyz2,8756,12564,1,5531,6389
39970359,Lyz2,9056,18472,1,5831,12297
39970360,Lyz2,5934,15760,1,2709,9585
39970361,Lyz2,6541,12577,3,3316,6402
39970362,Lyz2,10077,6599,2,6852,424
39970363,Lyz2,8044,14343,3,4819,8168
39970364,Lyz2,8373,6483,1,5148,308
39970365,Lyz2,8164,13913,4,4939,7738
39970366,Lyz2,10489,16704,1,7264,10529
39970367,Lyz2,9885,11184,1,6660,5009
39970368,Lyz2,11538,16004,1,8313,9829
39970369,Lyz2,9719,18018,1,6494,11843
39970370,Lyz2,8917,9479,3,5692,3304
39970371,Lyz2,10936,13964,3,7711,7789
39970372,Lyz2,10773,15127,3,7548,8952
39970373,Lyz2,10189,16054,4,6964,9879
39970374,Lyz2,9139,7811,3,5914,1636
39970375,Lyz2,9639,8177,3,6414,2002
39970376,Lyz2,9639,8178,3,6414,2003
39970377,Lyz2,6064,8228,1,2839,2053
39970378,Lyz2,7496,15069,3,4271,8894
39970379,Lyz2,8272,15416,1,5047,9241
39970380,Lyz2,8108,7045,2,4883,870
39970381,Lyz2,12283,15178,3,9058,9003
39970382,Lyz2,7937,8549,3,4712,2374
39970383,Lyz2,8068,14023,2,4843,7848
39970384,Lyz2,10893,14754,2,7668,8579
39970385,Lyz2,6430,7123,1,3205,948
39970386,Lyz2,4421,13465,3,1196,7290
39970387,Lyz2,10799,15011,4,7574,8836
39970388,Lyz2,6414,7451,2,3189,1276
39970389,Lyz2,10306,7258,1,7081,1083
39970390,Lyz2,6563,9528,2,3338,3353
39970391,Lyz2,8394,6514,1,5169,339
39970392,Lyz2,5270,10253,1,2045,4078
39970393,Lyz2,5350,14888,3,2125,8713
39970394,Lyz2,4876,10180,2,1651,4005
39970395,Lyz2,6979,15359,4,3754,9184
39970396,Lyz2,5921,15733,1,2696,9558
39970397,Lyz2,8332,16412,1,5107,10237
39970398,Lyz2,7621,7143,2,4396,968
39970399,Lyz2,5336,11154,3,2111,4979
39970400,Lyz2,6887,8657,2,3662,2482
39970401,Lyz2,5716,16396,3,2491,10221
39970402,Lyz2,9926,13326,4,6701,7151
39970403,Lyz2,5680,10023,1,2455,3848
39970404,Lyz2,9116,6591,1,5891,416
39970405,Lyz2,7526,15093,2,4301,8918
39970406,Lyz2,6427,7489,2,3202,1314
39970407,Lyz2,6093,8729,2,2868,2554
39970408,Lyz2,6380,16202,2,3155,10027
39970409,Lyz2,8691,6603,3,5466,428
39970410,Lyz2,9436,8783,3,6211,2608
39970411,Lyz2,7357,10939,2,4132,4764
39970412,Lyz2,6292,10523,3,3067,4348
39970413,Lyz2,12746,11824,1,9521,5649
39970414,Lyz2,10803,10363,1,7578,4188
39970415,Lyz2,4766,13558,2,1541,7383
39970416,Lyz2,10336,11779,3,7111,5604
39970417,Lyz2,10022,8687,3,6797,2512
39970418,Lyz2,6295,7149,3,3070,974
39970419,Lyz2,11467,9833,3,8242,3658
39970420,Lyz2,8355,13409,1,5130,7234
39970421,Lyz2,8089,14289,1,4864,8114
39970422,Lyz2,11505,9781,2,8280,3606
39970423,Lyz2,8164,8527,3,4939,2352
39970424,Lyz2,8690,6598,1,5465,423
39970425,Lyz2,9363,9503,1,6138,3328
39970426,Lyz2,9075,7906,1,5850,1731
39970427,Lyz2,9855,16997,1,6630,10822
39970428,Lyz2,6528,7146,1,3303,971
39970429,Lyz2,12553,14749,1,9328,8574
39970430,Lyz2,11083,16692,3,7858,10517
39970431,Lyz2,9215,12458,2,5990,6283
39970432,Lyz2,4381,10076,2,1156,3901
39970433,Lyz2,8972,15956,3,5747,9781
39970434,Lyz2,11479,9133,3,8254,2958
39970435,Lyz2,8054,14360,1,4829,8185
39970436,Lyz2,3789,10648,1,564,4473
39970437,Lyz2,5965,15709,1,2740,9534
39970438,Lyz2,10324,17536,4,7099,11361
39970439,Lyz2,7403,10233,1,4178,4058
39970440,Lyz2,11022,14666,1,7797,8491
39970441,Lyz2,9123,6579,4,5898,404
39970442,Lyz2,11277,15237,4,8052,9062
39970443,Lyz2,7417,15057,4,4192,8882
39970444,Lyz2,11211,13107,3,7986,6932
39970445,Lyz2,5157,10348,1,1932,4173
39970446,Lyz2,6656,9486,4,3431,3311
39970447,Lyz2,9020,8637,2,5795,2462
39970448,Lyz2,5889,14612,1,2664,8437
39970449,Lyz2,8927,13072,1,5702,6897
39970450,Lyz2,9800,11822,2,6575,5647
39970451,Lyz2,5927,15735,2,2702,9560
39970452,Lyz2,11537,16013,2,8312,9838
39970453,Lyz2,12974,9621,1,9749,3446
39970454,Lyz2,13027,10450,2,9802,4275
39970455,Lyz2,11718,10101,1,8493,3926
39970456,Lyz2,5270,14871,1,2045,8696
39970457,Lyz2,11792,9871,2,8567,3696
39970458,Lyz2,12340,9963,1,9115,3788
39970459,Lyz2,5958,10113,3,2733,3938
39970460,Lyz2,10906,14748,1,7681,8573
39970461,Lyz2,5639,10145,3,2414,3970
39970462,Lyz2,6357,9415,3,3132,3240
39970463,Lyz2,5179,14264,1,1954,8089
39970464,Lyz2,10307,11003,1,7082,4828
39970465,Lyz2,4428,9809,3,1203,3634
39970466,Lyz2,9402,14975,1,6177,8800
39970467,Lyz2,11277,16227,2,8052,10052
39970468,Lyz2,9849,6567,2,6624,392
39970469,Lyz2,11535,13574,3,8310,7399
39970470,Lyz2,8812,11816,2,5587,5641
39970471,Lyz2,12000,9509,4,8775,3334
39970472,Lyz2,10981,13043,1,7756,6868
39970473,Lyz2,5298,11173,1,2073,4998
39970474,Lyz2,11770,7545,3,8545,1370
39970475,Lyz2,8698,6637,1,5473,462
39970476,Lyz2,11435,16206,2,8210,10031
39970477,Lyz2,12748,11822,1,9523,5647
39970478,Lyz2,6710,11543,1,3485,5368
39970479,Lyz2,6386,7487,2,3161,1312
39970480,Lyz2,12779,11813,1,9554,5638
39970481,Lyz2,7812,18075,1,4587,11900
39970482,Lyz2,11922,9544,4,8697,3369
39970483,Lyz2,8520,6434,1,5295,259
39970484,Lyz2,7866,17806,1,4641,11631
39970485,Lyz2,11827,10403,2,8602,4228
39970486,Lyz2,6647,15459,1,3422,9284
39970487,Lyz2,6237,10212,1,3012,4037
39970488,Lyz2,5988,15770,1,2763,9595
39970489,Lyz2,10886,16564,3,7661,10389
39970490,Lyz2,11591,13688,1,8366,7513
39970491,Lyz2,5771,15409,1,2546,9234
39970492,Lyz2,6537,9561,1,3312,3386
39970493,Lyz2,6594,15475,4,3369,9300
39970494,Lyz2,6518,8178,1,3293,2003
39970495,Lyz2,7246,12292,1,4021,6117
39970496,Lyz2,9882,9118,1,6657,2943
39970497,Lyz2,6103,13833,2,2878,7658
39970498,Lyz2,10273,17476,2,7048,11301
39970499,Lyz2,8201,14903,3,4976,8728
39970500,Lyz2,8378,6486,2,5153,311
39970501,Lyz2,8917,18583,1,5692,12408
39970502,Lyz2,7279,18598,1,4054,12423
39970503,Lyz2,9452,14989,1,6227,8814
39970504,Lyz2,10943,11719,1,7718,5544
39970505,Lyz2,5979,9331,1,2754,3156
39970506,Lyz2,11388,12566,4,8163,6391
39970507,Lyz2,13446,10919,1,10221,4744
39970508,Lyz2,5386,15585,1,2161,9410
39970509,Lyz2,9533,6491,2,6308,316
39970510,Lyz2,10194,6578,2,6969,403
39970511,Lyz2,5872,13151,1,2647,6976
39970512,Lyz2,10107,10124,1,6882,3949
39970513,Lyz2,5957,15712,1,2732,9537
39970514,Lyz2,5917,9236,1,2692,3061
39970515,Lyz2,9132,18176,2,5907,12001
39970516,Lyz2,12623,8580,1,9398,2405
39970517,Lyz2,11577,13445,1,8352,7270
39970518,Lyz2,5999,9587,1,2774,3412
39970519,Lyz2,7991,18625,1,4766,12450
39970520,Lyz2,11158,12502,1,7933,6327
39970521,Lyz2,9060,13705,1,5835,7530
39970522,Lyz2,6314,16409,1,3089,10234
39970523,Lyz2,6690,12605,1,3465,6430
39970524,Lyz2,4381,9919,1,1156,3744
39970525,Lyz2,5967,15715,1,2742,9540
39970526,Lyz2,8193,16256,1,4968,10081
39970527,Lyz2,8266,8988,1,5041,2813
39970528,Lyz2,7185,6473,1,3960,298
39970529,Lyz2,9641,9503,1,6416,3328
39970530,Lyz2,6764,13703,1,3539,7528
39970531,Lyz2,8084,13039,1,4859,6864
39970532,Lyz2,8683,6367,1,5458,192
39970533,Lyz2,12463,14233,4,9238,8058
39970534,Lyz2,10788,8225,1,7563,2050
39970535,Lyz2,9991,8731,1,6766,2556
39970536,Lyz2,8622,18820,1,5397,12645
39970537,Lyz2,5852,15777,1,2627,9602
39970538,Lyz2,8238,9811,1,5013,3636
39970539,Lyz2,11131,13208,1,7906,7033
39970540,Lyz2,9682,18049,1,6457,11874
39970541,Lyz2,12566,13495,1,9341,7320
39970542,Lyz2,10481,11059,1,7256,4884
39970543,Lyz2,8549,8203,1,5324,2028
39970544,Lyz2,10029,11369,1,6804,5194
39970545,Lyz2,4299,9876,1,1074,3701
39970546,Lyz2,7824,15064,1,4599,8889
39970547,Lyz2,5616,15666,2,2391,9491
39970548,Lyz2,4226,10024,1,1001,3849
39970549,Lyz2,5205,9260,1,1980,3085
39970550,Lyz2,11145,9726,1,7920,3551
39970551,Lyz2,12674,11295,2,9449,5120
39970552,Lyz2,9578,6582,2,6353,407
39970553,Lyz2,11732,9690,3,8507,3515
39970554,Lyz2,10319,7256,2,7094,1081
39970555,Lyz2,6742,8230,2,3517,2055
39970556,Lyz2,8134,10657,2,4909,4482
39970557,Lyz2,6282,9439,2,3057,3264
39970558,Lyz2,6415,7303,4,3190,1128
39970559,Lyz2,12708,11279,1,9483,5104
39970560,Lyz2,11536,9815,1,8311,3640
39970561,Lyz2,10005,6563,1,6780,388
39970562,Lyz2,3243,11536,3,18,5361
39970563,Lyz2,8926,10172,1,5701,3997
39970564,Lyz2,8459,6449,3,5234,274
39970565,Lyz2,6975,6623,1,3750,448
39970566,Lyz2,13372,12662,2,10147,6487
39970567,Lyz2,7494,15096,3,4269,8921
39970568,Lyz2,8941,10913,3,5716,4738
39970569,Lyz2,8158,10622,1,4933,4447
39970570,Lyz2,10162,17910,1,6937,11735
39970571,Lyz2,11104,11805,1,7879,5630
39970572,Lyz2,12657,14082,1,9432,7907
39970573,Lyz2,4720,12252,4,1495,6077
39970574,Lyz2,10675,16911,2,7450,10736
39970575,Lyz2,7376,15115,4,4151,8940
39970576,Lyz2,11419,7066,1,8194,891
39970577,Lyz2,10671,9042,1,7446,2867
39970578,Lyz2,11169,12806,1,7944,6631
39970579,Lyz2,5925,15733,1,2700,9558
39970580,Lyz2,8028,14032,1,4803,7857
39970581,Lyz2,6478,15542,3,3253,9367
39970582,Lyz2,6333,8170,1,3108,1995
39970583,Lyz2,8588,18928,3,5363,12753
39970584,Lyz2,10936,13279,3,7711,7104
39970585,Lyz2,4270,10068,3,1045,3893
39970586,Lyz2,9827,9342,3,6602,3167
39970587,Lyz2,5994,9185,1,2769,3010
39970588,Lyz2,4831,13822,1,1606,7647
39970589,Lyz2,8356,18530,1,5131,12355
39970590,Lyz2,5705,16389,2,2480,10214
39970591,Lyz2,6823,9497,2,3598,3322
39970592,Lyz2,6601,7276,1,3376,1101
39970593,Lyz2,6544,15319,1,3319,9144
39970594,Lyz2,6715,9439,4,3490,3264
39970595,Lyz2,6229,9572,4,3004,3397
39970596,Lyz2,6159,14548,1,2934,8373
39970597,Lyz2,8328,9609,1,5103,3434
39970598,Lyz2,9925,8448,4,6700,2273
39970599,Lyz2,7758,15810,3,4533,9635
39970600,Lyz2,9641,8431,1,6416,2256
39970601,Lyz2,6160,15584,1,2935,9409
39970602,Lyz2,6737,13432,1,3512,7257
39970603,Lyz2,6381,16749,1,3156,10574
39970604,Lyz2,8393,18422,1,5168,12247
39970605,Lyz2,7103,14780,2,3878,8605
39970606,Lyz2,12606,13241,1,9381,7066
39970607,Lyz2,8360,13408,1,5135,7233
39970608,Lyz2,8956,15414,1,5731,9239
39970609,Lyz2,10311,14829,3,7086,8654
39970610,Lyz2,9683,13905,1,6458,7730
39970611,Lyz2,8994,15231,4,5769,9056
39970612,Lyz2,12030,10732,3,8805,4557
39970613,Lyz2,6058,9255,1,2833,3080
39970614,Lyz2,12836,11835,1,9611,5660
39970615,Lyz2,5878,15745,1,2653,9570
39970616,Lyz2,6577,15752,1,3352,9577
39970617,Lyz2,8763,16093,3,5538,9918
39970618,Lyz2,6445,17657,1,3220,11482
39970619,Lyz2,6473,15539,1,3248,9364
39970620,Lyz2,7834,14848,2,4609,8673
39970621,Lyz2,6783,9444,1,3558,3269
39970622,Lyz2,10847,13431,3,7622,7256
39970623,Lyz2,5351,14736,2,2126,8561
39970624,Lyz2,8516,14243,3,5291,8068
39970625,Lyz2,6577,16535,3,3352,10360
39970626,Lyz2,5949,15735,2,2724,9560
39970627,Lyz2,9407,14732,1,6182,8557
39970628,Lyz2,8889,12601,1,5664,6426
39970629,Lyz2,8383,18110,2,5158,11935
39970630,Lyz2,9425,17682,2,6200,11507
39970631,Lyz2,11897,15720,2,8672,9545
39970632,Lyz2,10990,16647,2,7765,10472
39970633,Lyz2,6159,13149,2,2934,6974
39970634,Lyz2,7348,19635,1,4123,13460
39970635,Lyz2,10137,6563,1,6912,388
39970636,Lyz2,5287,9329,3,2062,3154
39970637,Lyz2,6395,7479,1,3170,1304
39970638,Lyz2,7964,14268,3,4739,8093
39970639,Lyz2,7760,14942,1,4535,8767
39970640,Lyz2,9275,10404,1,6050,4229
39970641,Lyz2,4674,13732,1,1449,7557
39970642,Lyz2,5186,9283,2,1961,3108
39970643,Lyz2,5299,11171,2,2074,4996
39970644,Lyz2,6563,15506,1,3338,9331
39970645,Lyz2,8889,13876,3,5664,7701
39970646,Lyz2,6654,18036,1,3429,11861
39970647,Lyz2,8586,12185,1,5361,6010
39970648,Lyz2,6320,10791,1,3095,4616
39970649,Lyz2,7318,16777,1,4093,10602
39970650,Lyz2,11184,9852,1,7959,3677
39970651,Lyz2,6403,7466,3,3178,1291
39970652,Lyz2,7322,14627,1,4097,8452
39970653,Lyz2,13273,10813,1,10048,4638
39970654,Lyz2,10599,14955,4,7374,8780
39970655,Lyz2,5938,14366,1,2713,8191
39970656,Lyz2,5927,15738,1,2702,9563
39970657,Lyz2,6000,15432,1,2775,9257
39970658,Lyz2,10347,14823,2,7122,8648
39970659,Lyz2,6570,9854,1,3345,3679
39970660,Lyz2,6594,17082,2,3369,10907
39970661,Lyz2,10201,17744,1,6976,11569
39970662,Lyz2,9990,8734,1,6765,2559
39970663,Lyz2,9458,12142,1,6233,5967
39970664,Lyz2,6428,7464,1,3203,1289
39970665,Lyz2,7342,18707,4,4117,12532
39970666,Lyz2,8251,19053,1,5026,12878
39970667,Lyz2,11440,16197,6,8215,10022
39970668,Lyz2,12057,9224,1,8832,3049
39970669,Lyz2,4215,10144,1,990,3969
39970670,Lyz2,6052,10633,2,2827,4458
39970671,Lyz2,9440,12144,2,6215,5969
39970672,Lyz2,9425,11837,4,6200,5662
39970673,Lyz2,11987,9102,1,8762,2927
39970674,Lyz2,11874,15703,1,8649,9528
39970675,Lyz2,12832,11829,1,9607,5654
39970676,Lyz2,7371,15140,3,4146,8965
39970677,Lyz2,8381,6518,1,5156,343
39970678,Lyz2,10149,9691,2,6924,3516
39970679,Lyz2,5302,11188,1,2077,5013
39970680,Lyz2,11469,9814,2,8244,3639
39970681,Lyz2,5401,9461,1,2176,3286
39970682,Lyz2,10228,6585,1,7003,410
39970683,Lyz2,10079,6404,1,6854,229
39970684,Lyz2,7830,17938,4,4605,11763
39970685,Lyz2,7534,12583,1,4309,6408
39970686,Lyz2,8836,12575,2,5611,6400
39970687,Lyz2,10063,8169,1,6838,1994
39970688,Lyz2,13325,10286,2,10100,4111
39970689,Lyz2,8743,10503,1,5518,4328
39970690,Lyz2,4691,12339,1,1466,6164
39970691,Lyz2,6097,7618,6,2872,1443
39970692,Lyz2,11938,8235,1,8713,2060
39970693,Lyz2,6443,17663,1,3218,11488
39970694,Lyz2,4781,9449,2,1556,3274
39970695,Lyz2,12020,7799,2,8795,1624
39970696,Lyz2,8988,15862,3,5763,9687
39970697,Lyz2,7704,10707,1,4479,4532
39970698,Lyz2,4738,10626,3,1513,4451
39970699,Lyz2,8739,14406,1,5514,8231
39970700,Lyz2,6974,8801,1,3749,2626
39970701,Lyz2,7418,8270,1,4193,2095
39970702,Lyz2,10383,14000,1,7158,7825
39970703,Lyz2,4173,10182,1,948,4007
39970704,Lyz2,8130,10657,1,4905,4482
39970705,Lyz2,13164,13653,1,9939,7478
39970706,Lyz2,7763,14814,4,4538,8639
39970707,Lyz2,4271,10067,1,1046,3892
39970708,Lyz2,12177,13047,1,8952,6872
39970709,Lyz2,5298,14889,1,2073,8714
39970710,Lyz2,9737,10775,1,6512,4600
39970711,Lyz2,8225,6613,1,5000,438
39970712,Lyz2,11838,15742,1,8613,9567
39970713,Lyz2,7077,8950,1,3852,2775
39970714,Lyz2,7907,6352,2,4682,177
39970715,Lyz2,4835,10267,1,1610,4092
39970716,Lyz2,6233,7879,1,3008,1704
39970717,Lyz2,6386,16600,1,3161,10425
39970718,Lyz2,12658,14473,2,9433,8298
39970719,Lyz2,7811,19331,2,4586,13156
39970720,Lyz2,8481,14739,1,5256,8564
39970721,Lyz2,7431,15055,1,4206,8880
39970722,Lyz2,6579,15492,2,3354,9317
39970723,Lyz2,12494,8123,2,9269,1948
39970724,Lyz2,9902,10970,3,6677,4795
39970725,Lyz2,9019,12482,1,5794,6307
39970726,Lyz2,9771,13997,1,6546,7822
39970727,Lyz2,8466,6494,2,5241,319
39970728,Lyz2,9890,11458,3,6665,5283
39970729,Lyz2,5916,15714,2,2691,9539
39970730,Lyz2,7293,10336,3,4068,4161
39970731,Lyz2,9464,14099,1,6239,7924
39970732,Lyz2,5884,9261,1,2659,3086
39970733,Lyz2,11863,7817,2,8638,1642
39970734,Lyz2,10980,9881,1,7755,3706
39970735,Lyz2,12366,13092,1,9141,6917
39970736,Lyz2,9313,13926,1,6088,7751
39970737,Lyz2,8705,12490,2,5480,6315
39970738,Lyz2,13131,9846,1,9906,3671
39970739,Lyz2,4461,9774,1,1236,3599
39970740,Lyz2,6950,6640,3,3725,465
39970741,Lyz2,7798,17972,1,4573,11797
39970742,Lyz2,8690,12522,1,5465,6347
39970743,Lyz2,6012,10456,1,2787,4281
39970744,Lyz2,8539,13712,1,5314,7537
39970745,Lyz2,6759,8755,2,3534,2580
39970746,Lyz2,8974,7066,1,5749,891
39970747,Lyz2,6415,15546,1,3190,9371
39970748,Lyz2,10770,11786,2,7545,5611
39970749,Lyz2,8696,11337,1,5471,5162
39970750,Lyz2,5289,14884,3,2064,8709
39970751,Lyz2,11444,15526,1,8219,9351
39970752,Lyz2,5152,9384,2,1927,3209
39970753,Lyz2,5771,15740,3,2546,9565
43072118,Mrc1,11462,16187,1,8237,10012
43072119,Mrc1,9503,6621,3,6278,446
43072120,Mrc1,13146,10040,1,9921,3865
43072121,Mrc1,5580,13593,1,2355,7418
43072122,Mrc1,12401,11657,1,9176,5482
43072123,Mrc1,9787,15905,1,6562,9730
43072124,Mrc1,5934,11341,1,2709,5166
43072125,Mrc1,13617,12648,2,10392,6473
43072126,Mrc1,8707,11359,1,5482,5184
43072127,Mrc1,12190,9542,2,8965,3367
43072128,Mrc1,7967,17531,1,4742,11356
43072129,Mrc1,9698,10887,1,6473,4712
43072130,Mrc1,5290,10692,2,2065,4517
43072131,Mrc1,7760,8293,1,4535,2118
43072132,Mrc1,5295,10693,2,2070,4518
43072133,Mrc1,8326,6449,1,5101,274
43072134,Mrc1,5952,9559,1,2727,3384
43072135,Mrc1,6247,7950,3,3022,1775
43072136,Mrc1,12194,12287,1,8969,6112
43072137,Mrc1,8622,11423,4,5397,5248
43072138,Mrc1,10406,10319,1,7181,4144
43072139,Mrc1,11385,7883,4,8160,1708
43072140,Mrc1,10261,17548,1,7036,11373
43072141,Mrc1,8791,14550,3,5566,8375
43072142,Mrc1,6453,7165,1,3228,990
43072143,Mrc1,8099,16853,1,4874,10678
43072144,Mrc1,7688,8892,2,4463,2717
43072145,Mrc1,6882,15527,1,3657,9352
43072146,Mrc1,5280,14890,1,2055,8715
43072147,Mrc1,7084,17418,1,3859,11243
43072148,Mrc1,10419,6438,1,7194,263
43072149,Mrc1,8653,18915,1,5428,12740
43072150,Mrc1,11765,7540,2,8540,1365
43072151,Mrc1,13570,11539,1,10345,5364
43072152,Mrc1,11244,14894,1,8019,8719
43072153,Mrc1,6907,18131,1,3682,11956
43072154,Mrc1,5953,15723,1,2728,9548
43072155,Mrc1,10391,17421,1,7166,11246
43072156,Mrc1,8817,18631,2,5592,12456
43072157,Mrc1,7656,14953,1,4431,8778
43072158,Mrc1,5988,8356,2,2763,2181
43072159,Mrc1,4719,10510,3,1494,4335
43072160,Mrc1,10199,14491,1,6974,8316
43072161,Mrc1,8078,15623,1,4853,9448
43072162,Mrc1,6613,9414,2,3388,3239
43072163,Mrc1,10389,11246,1,7164,5071
43072164,Mrc1,7123,14174,1,3898,7999
43072165,Mrc1,8160,8686,1,4935,2511
43072166,Mrc1,11320,7335,2,8095,1160
43072167,Mrc1,6422,7340,1,3197,1165
43072168,Mrc1,4441,11138,1,1216,4963
43072169,Mrc1,12641,14463,2,9416,8288
43072170,Mrc1,10204,17659,1,6979,11484
43072171,Mrc1,5160,10735,1,1935,4560
43072172,Mrc1,7708,9925,2,4483,3750
43072173,Mrc1,7673,15724,1,4448,9549
43072174,Mrc1,7253,14314,1,4028,8139
43072175,Mrc1,5891,8433,1,2666,2258
43072176,Mrc1,6083,15622,3,2858,9447
43072177,Mrc1,13257,10874,1,10032,4699
43072178,Mrc1,7715,8893,1,4490,2718
43072179,Mrc1,11945,12654,2,8720,6479
43072180,Mrc1,11306,7339,1,8081,1164
43072181,Mrc1,6049,8650,1,2824,2475
43072182,Mrc1,6607,13086,1,3382,6911
43072183,Mrc1,8607,7702,1,5382,1527
43072184,Mrc1,4363,9905,2,1138,3730
43072185,Mrc1,6706,7251,2,3481,1076
43072186,Mrc1,8380,6504,1,5155,329
43072187,Mrc1,7009,10314,2,3784,4139
43072188,Mrc1,13055,13507,1,9830,7332
43072189,Mrc1,5834,15781,1,2609,9606
43072190,Mrc1,13025,13497,4,9800,7322
43072191,Mrc1,4575,10708,2,1350,4533
43072192,Mrc1,6780,9446,1,3555,3271
43072193,Mrc1,8720,11350,1,5495,5175
43072194,Mrc1,6513,11690,1,3288,5515
43072195,Mrc1,12591,12531,2,9366,6356
43072196,Mrc1,8783,11272,2,5558,5097
43072197,Mrc1,7475,6387,1,4250,212
43072198,Mrc1,5460,10507,1,2235,4332
43072199,Mrc1,8699,7306,2,5474,1131
43072200,Mrc1,12170,14857,1,8945,8682
43072201,Mrc1,5710,16393,1,2485,10218
43072202,Mrc1,6949,15351,1,3724,9176
43072203,Mrc1,10345,9870,4,7120,3695
43072204,Mrc1,11368,14826,1,8143,8651
43072205,Mrc1,7709,7838,1,4484,1663
43072206,Mrc1,10295,6665,2,7070,490
43072207,Mrc1,8808,6255,1,5583,80
43072208,Mrc1,10336,10907,1,7111,4732
43072209,Mrc1,7039,10405,2,3814,4230
43072210,Mrc1,9675,6516,4,6450,341
43072211,Mrc1,6048,10632,2,2823,4457
43072212,Mrc1,12171,15364,3,8946,9189
43072213,Mrc1,9166,7039,2,5941,864
43072214,Mrc1,6243,7787,2,3018,1612
43072215,Mrc1,8831,14462,1,5606,8287
43072216,Mrc1,5960,15706,1,2735,9531
43072217,Mrc1,10770,11299,1,7545,5124
43072218,Mrc1,6962,6649,4,3737,474
43072219,Mrc1,8692,17029,2,5467,10854
43072220,Mrc1,12934,13980,1,9709,7805
43072221,Mrc1,10916,7782,1,7691,1607
43072222,Mrc1,6248,7661,1,3023,1486
43072223,Mrc1,9517,17223,1,6292,11048
43072224,Mrc1,5835,15781,1,2610,9606
43072225,Mrc1,8887,18561,2,5662,12386
43072226,Mrc1,4743,10885,3,1518,4710
43072227,Mrc1,11057,6883,2,7832,708
43072228,Mrc1,6886,15522,1,3661,9347
43072229,Mrc1,5994,9330,1,2769,3155
43072230,Mrc1,10648,10999,2,7423,4824
43072231,Mrc1,5957,9080,2,2732,2905
43072232,Mrc1,6162,16469,1,2937,10294
43072233,Mrc1,7291,7522,1,4066,1347
43072234,Mrc1,10639,10962,4,7414,4787
43072235,Mrc1,7400,8506,2,4175,2331
43072236,Mrc1,3876,12199,1,651,6024
43072237,Mrc1,10390,13957,1,7165,7782
43072238,Mrc1,6564,10129,1,3339,3954
43072239,Mrc1,7407,19676,2,4182,13501
43072240,Mrc1,6705,8707,2,3480,2532
43072241,Mrc1,9967,8762,3,6742,2587
43072242,Mrc1,7520,19602,1,4295,13427
43072243,Mrc1,7341,15868,1,4116,9693
43072244,Mrc1,3481,12197,1,256,6022
43072245,Mrc1,5388,10562,1,2163,4387
43072246,Mrc1,7845,17123,1,4620,10948
43072247,Mrc1,11582,10273,2,8357,4098
43072248,Mrc1,9167,15735,2,5942,9560
43072249,Mrc1,5617,15236,1,2392,9061
43072250,Mrc1,6177,9352,1,2952,3177
43072251,Mrc1,9063,18474,1,5838,12299
43072252,Mrc1,8331,7433,1,5106,1258
43072253,Mrc1,12010,15565,1,8785,9390
43072254,Mrc1,11156,12859,1,7931,6684
43072255,Mrc1,6022,13832,1,2797,7657
43072256,Mrc1,13285,12813,1,10060,6638
43072257,Mrc1,5301,10697,1,2076,4522
43072258,Mrc1,8870,11823,2,5645,5648
43072259,Mrc1,6810,17254,1,3585,11079
43072260,Mrc1,7162,9693,2,3937,3518
43072261,Mrc1,5531,9102,1,2306,2927
43072262,Mrc1,7798,10630,1,4573,4455
43072263,Mrc1,8116,10618,1,4891,4443
43072264,Mrc1,10131,6620,1,6906,445
43072265,Mrc1,8153,14888,2,4928,8713
43072266,Mrc1,11480,16166,1,8255,9991
43072267,Mrc1,6348,7522,1,3123,1347
43072268,Mrc1,9977,17828,2,6752,11653
43072269,Mrc1,10876,14810,3,7651,8635
43072270,Mrc1,9519,6583,2,6294,408
43072271,Mrc1,10134,6601,1,6909,426
43072272,Mrc1,10127,17679,1,6902,11504
43072273,Mrc1,6696,8696,1,3471,2521
43072274,Mrc1,11825,15688,3,8600,9513
43072275,Mrc1,8690,18944,2,5465,12769
43072276,Mrc1,12485,11688,3,9260,5513
43072277,Mrc1,12368,9624,1,9143,3449
43072278,Mrc1,12329,10027,1,9104,3852
43072279,Mrc1,6334,10815,1,3109,4640
43072280,Mrc1,6070,10746,3,2845,4571
43072281,Mrc1,6864,15385,4,3639,9210
43072282,Mrc1,5126,11624,1,1901,5449
43072283,Mrc1,6796,10360,2,3571,4185
43072284,Mrc1,9053,6467,1,5828,292
43072285,Mrc1,11497,13663,1,8272,7488
43072286,Mrc1,8024,14751,2,4799,8576
43072287,Mrc1,7034,6523,1,3809,348
43072288,Mrc1,10266,17603,1,7041,11428
43072289,Mrc1,3921,12192,1,696,6017
43072290,Mrc1,5505,10590,1,2280,4415
43072291,Mrc1,8616,14580,1,5391,8405
43072292,Mrc1,11548,7315,1,8323,1140
43072293,Mrc1,10644,17048,2,7419,10873
43072294,Mrc1,7086,6500,1,3861,325
43072295,Mrc1,5303,9279,2,2078,3104
43072296,Mrc1,11175,9136,2,7950,2961
43072297,Mrc1,6667,15432,1,3442,9257
43072298,Mrc1,9060,14541,1,5835,8366
43072299,Mrc1,8167,14894,3,4942,8719
43072300,Mrc1,7526,12059,1,4301,5884
43072301,Mrc1,12067,7875,1,8842,1700
43072302,Mrc1,5748,16384,1,2523,10209
43072303,Mrc1,12708,9411,1,9483,3236
43072304,Mrc1,5261,9189,1,2036,3014
43072305,Mrc1,12284,8203,1,9059,2028
43072306,Mrc1,4820,9534,1,1595,3359
43072307,Mrc1,8380,6307,4,5155,132
43072308,Mrc1,12037,7901,1,8812,1726
43072309,Mrc1,7683,15900,1,4458,9725
43072310,Mrc1,10661,16887,1,7436,10712
43072311,Mrc1,12865,14205,1,9640,8030
43072312,Mrc1,4431,9806,4,1206,3631
43072313,Mrc1,9099,6575,1,5874,400
43072314,Mrc1,5305,9275,1,2080,3100
43072315,Mrc1,5273,9307,2,2048,3132
43072316,Mrc1,12452,9583,1,9227,3408
43072317,Mrc1,6257,7893,1,3032,1718
43072318,Mrc1,7596,15087,2,4371,8912
43072319,Mrc1,6423,7340,1,3198,1165
43072320,Mrc1,8738,11364,1,5513,5189
43072321,Mrc1,6879,16030,1,3654,9855
43072322,Mrc1,8622,9596,2,5397,3421
43072323,Mrc1,7575,10181,2,4350,4006
43552588,Ms4a7,10259,17486,2,7034,11311
43552589,Ms4a7,9991,8725,1,6766,2550
43552590,Ms4a7,9545,13975,1,6320,7800
43552591,Ms4a7,9017,11449,3,5792,5274
43552592,Ms4a7,10079,9692,2,6854,3517
43552593,Ms4a7,7619,6619,1,4394,444
43552594,Ms4a7,7607,14687,3,4382,8512
43552595,Ms4a7,11047,9103,2,7822,2928
43552596,Ms4a7,10996,11367,2,7771,5192
43552597,Ms4a7,10721,8452,1,7496,2277
43552598,Ms4a7,6077,10673,2,2852,4498
43552599,Ms4a7,4051,10045,2,826,3870
43552600,Ms4a7,13418,11852,1,10193,5677
43552601,Ms4a7,9507,8084,1,6282,1909
43552602,Ms4a7,9283,9594,1,6058,3419
43552603,Ms4a7,13396,12454,2,10171,6279
43552604,Ms4a7,7156,6643,6,3931,468
43552605,Ms4a7,6957,6641,1,3732,466
43552606,Ms4a7,7829,17999,3,4604,11824
43552607,Ms4a7,9995,12312,1,6770,6137
43552608,Ms4a7,10740,11461,2,7515,5286
43552609,Ms4a7,11140,13204,1,7915,7029
43552610,Ms4a7,7069,17602,1,3844,11427
43552611,Ms4a7,10653,10995,2,7428,4820
43552612,Ms4a7,9303,9587,2,6078,3412
43552613,Ms4a7,5151,14757,1,1926,8582
43552614,Ms4a7,10390,11438,1,7165,5263
43552615,Ms4a7,9993,12815,1,6768,6640
43552616,Ms4a7,7149,9682,1,3924,3507
43552617,Ms4a7,10652,10995,1,7427,4820
50838144,Pf4,12697,11257,4,9472,5082
50838145,Pf4,5940,13961,1,2715,7786
50838146,Pf4,5182,14796,1,1957,8621
50838147,Pf4,10284,7264,1,7059,1089
50838148,Pf4,8518,12615,1,5293,6440
50838149,Pf4,12672,11293,1,9447,5118
50838150,Pf4,7648,10163,3,4423,3988
50838151,Pf4,4769,10532,1,1544,4357
50838152,Pf4,6986,10299,1,3761,4124
50838153,Pf4,10998,16765,3,7773,10590
50838154,Pf4,6669,8743,2,3444,2568
50838155,Pf4,8397,18725,3,5172,12550
50838156,Pf4,6788,15351,1,3563,9176
50838157,Pf4,9331,14500,3,6106,8325
50838158,Pf4,4380,9743,1,1155,3568
50838159,Pf4,5232,14806,1,2007,8631
50838160,Pf4,11729,12735,3,8504,6560
50838161,Pf4,10256,7227,1,7031,1052
50838162,Pf4,7704,8859,1,4479,2684
50838163,Pf4,11975,10885,2,8750,4710
50838164,Pf4,8853,18683,3,5628,12508
50838165,Pf4,9457,13944,1,6232,7769
50838166,Pf4,9054,18482,1,5829,12307
50838167,Pf4,10463,11226,1,7238,5051
50838168,Pf4,8219,14904,2,4994,8729
50838169,Pf4,6440,7327,1,3215,1152
50838170,Pf4,10526,16828,1,7301,10653
50838171,Pf4,3940,10059,1,715,3884
50838172,Pf4,13246,11267,1,10021,5092
50838173,Pf4,8768,6588,1,5543,413
50838174,Pf4,10712,16896,2,7487,10721
50838175,Pf4,7695,10139,1,4470,3964
50838176,Pf4,8433,14980,2,5208,8805
50838177,Pf4,7620,15289,4,4395,9114
50838178,Pf4,8592,18862,1,5367,12687
50838179,Pf4,6889,6657,3,3664,482
50838180,Pf4,6507,11680,1,3282,5505
50838181,Pf4,7099,10302,4,3874,4127
50838182,Pf4,8506,11071,2,5281,4896
50838183,Pf4,12283,11467,4,9058,5292
50838184,Pf4,7327,19640,1,4102,13465
50838185,Pf4,5626,9183,1,2401,3008
50838186,Pf4,9480,18170,1,6255,11995
50838187,Pf4,4407,13466,2,1182,7291
50838188,Pf4,8720,18960,1,5495,12785
50838189,Pf4,8687,18281,1,5462,12106
50838190,Pf4,8173,10725,4,4948,4550
50838191,Pf4,11531,9957,1,8306,3782
50838192,Pf4,8440,14743,2,5215,8568
50838193,Pf4,6401,7482,1,3176,1307
50838194,Pf4,13145,10018,1,9920,3843
50838195,Pf4,12070,15407,1,8845,9232
50838196,Pf4,13027,10196,4,9802,4021
50838197,Pf4,5706,9295,1,2481,3120
50838198,Pf4,3336,11450,1,111,5275
50838199,Pf4,12719,11272,4,9494,5097
50838200,Pf4,10281,6359,4,7056,184
50838201,Pf4,6021,8648,3,2796,2473
50838202,Pf4,9080,6613,1,5855,438
50838203,Pf4,7398,9853,3,4173,3678
50838204,Pf4,6299,16448,3,3074,10273
50838205,Pf4,7459,7138,2,4234,963
50838206,Pf4,11580,15959,4,8355,9784
50838207,Pf4,8261,10860,1,5036,4685
50838208,Pf4,8918,8882,2,5693,2707
50838209,Pf4,6786,9459,1,3561,3284
50838210,Pf4,6801,14662,3,3576,8487
50838211,Pf4,6179,16247,2,2954,10072
50838212,Pf4,8510,19142,2,5285,12967
50838213,Pf4,12678,11304,2,9453,5129
50838214,Pf4,12684,11340,1,9459,5165
50838215,Pf4,6774,9493,1,3549,3318
50838216,Pf4,8234,14897,4,5009,8722
50838217,Pf4,6725,9465,1,3500,3290
50838218,Pf4,13372,12036,3,10147,5861
50838219,Pf4,10026,12005,3,6801,5830
50838220,Pf4,11081,8272,1,7856,2097
50838221,Pf4,8132,10643,1,4907,4468
50838222,Pf4,9247,18422,3,6022,12247
50838223,Pf4,4223,9825,3,998,3650
50838224,Pf4,8031,9025,3,4806,2850
50838225,Pf4,9260,10092,1,6035,3917
50838226,Pf4,13278,11184,1,10053,5009
50838227,Pf4,5299,11186,3,2074,5011
50838228,Pf4,9148,16915,1,5923,10740
50838229,Pf4,6824,8643,4,3599,2468
50838230,Pf4,3671,12086,1,446,5911
50838231,Pf4,13286,12801,1,10061,6626
50838232,Pf4,10137,7847,3,6912,1672
50838233,Pf4,7150,9431,2,3925,3256
50838234,Pf4,7455,10241,2,4230,4066
50838235,Pf4,11487,9692,1,8262,3517
50838236,Pf4,6207,16428,3,2982,10253
50838237,Pf4,13101,10333,1,9876,4158
50838238,Pf4,8696,16219,2,5471,10044
50838239,Pf4,10348,12010,1,7123,5835
50838240,Pf4,8920,6602,2,5695,427
50838241,Pf4,4307,10005,2,1082,3830
50838242,Pf4,9279,17811,1,6054,11636
50838243,Pf4,7369,7884,3,4144,1709
50838244,Pf4,6549,15665,2,3324,9490
50838245,Pf4,7903,13015,1,4678,6840
50838246,Pf4,6913,18099,4,3688,11924
50838247,Pf4,5078,11838,1,1853,5663
50838248,Pf4,6165,8522,4,2940,2347
50838249,Pf4,7053,18585,3,3828,12410
50838250,Pf4,10600,6532,1,7375,357
50838251,Pf4,11475,9835,2,8250,3660
50838252,Pf4,10994,16716,1,7769,10541
50838253,Pf4,3413,10966,1,188,4791
50838254,Pf4,8098,10952,1,4873,4777
50838255,Pf4,6660,9380,1,3435,3205
50838256,Pf4,12724,11278,1,9499,5103
50838257,Pf4,7643,8031,1,4418,1856
50838258,Pf4,10059,12175,2,6834,6000
50838259,Pf4,7282,13509,1,4057,7334
50838260,Pf4,7548,19637,4,4323,13462
50838261,Pf4,6135,8561,1,2910,2386
50838262,Pf4,12440,15063,1,9215,8888
50838263,Pf4,7159,18757,1,3934,12582
50838264,Pf4,6037,9351,2,2812,3176
50838265,Pf4,6755,15502,3,3530,9327
50838266,Pf4,7387,19670,2,4162,13495
50838267,Pf4,3867,10410,1,642,4235
50838268,Pf4,6024,15670,1,2799,9495
50838269,Pf4,6099,8371,2,2874,2196
50838270,Pf4,12721,11294,1,9496,5119
50838271,Pf4,7690,9035,1,4465,2860
50838272,Pf4,6022,8648,1,2797,2473
50838273,Pf4,6400,7473,2,3175,1298
50838274,Pf4,7360,19638,1,4135,13463
50838275,Pf4,12695,11299,1,9470,5124
50838276,Pf4,11817,14331,2,8592,8156
50838277,Pf4,6611,9469,1,3386,3294
50838278,Pf4,9255,18312,3,6030,12137
50838279,Pf4,9032,7422,1,5807,1247
50838280,Pf4,5725,9213,4,2500,3038
50838281,Pf4,7039,14869,4,3814,8694
50838282,Pf4,7931,13491,1,4706,7316
50838283,Pf4,6668,15465,2,3443,9290
50838284,Pf4,12348,9673,2,9123,3498
50838285,Pf4,10501,6702,4,7276,527
50838286,Pf4,12173,8761,1,8948,2586
50838287,Pf4,8139,12834,3,4914,6659
50838288,Pf4,4412,13468,2,1187,7293
50838289,Pf4,12831,14179,5,9606,8004
50838290,Pf4,8859,12329,3,5634,6154
50838291,Pf4,9806,6401,1,6581,226
50838292,Pf4,5819,9172,2,2594,2997
50838293,Pf4,6716,8676,4,3491,2501
50838294,Pf4,6600,14361,4,3375,8186
50838295,Pf4,5719,16388,3,2494,10213
50838296,Pf4,7181,10948,3,3956,4773
50838297,Pf4,12120,11370,3,8895,5195
50838298,Pf4,11674,12172,1,8449,5997
50838299,Pf4,10285,17571,2,7060,11396
50838300,Pf4,4236,9823,2,1011,3648
50838301,Pf4,12724,11283,1,9499,5108
50838302,Pf4,10787,16870,3,7562,10695
50838303,Pf4,6447,17658,1,3222,11483
50838304,Pf4,7406,8559,2,4181,2384
50838305,Pf4,7558,18284,1,4333,12109
50838306,Pf4,8769,14600,1,5544,8425
50838307,Pf4,10426,15814,1,7201,9639
50838308,Pf4,6288,7773,4,3063,1598
50838309,Pf4,10879,14743,1,7654,8568
50838310,Pf4,6430,15497,1,3205,9322
50838311,Pf4,5310,10688,1,2085,4513
50838312,Pf4,4301,9995,2,1076,3820
50838313,Pf4,9789,16254,1,6564,10079
50838314,Pf4,7968,11037,1,4743,4862
50838315,Pf4,9705,17868,1,6480,11693
50838316,Pf4,8843,14513,2,5618,8338
50838317,Pf4,11258,14357,2,8033,8182
50838318,Pf4,11046,10555,1,7821,4380
50838319,Pf4,6295,7769,2,3070,1594
50838320,Pf4,13027,9347,4,9802,3172
50838321,Pf4,6926,18109,1,3701,11934
50838322,Pf4,10092,8735,1,6867,2560
50838323,Pf4,9480,11881,1,6255,5706
50838324,Pf4,7057,9629,3,3832,3454
50838325,Pf4,4285,10006,1,1060,3831
50838326,Pf4,7348,7065,1,4123,890
50838327,Pf4,9378,17944,3,6153,11769
50838328,Pf4,10337,9875,1,7112,3700
50838329,Pf4,5085,13825,1,1860,7650
50838330,Pf4,6855,15654,2,3630,9479
50838331,Pf4,10226,6724,4,7001,549
50838332,Pf4,4271,9998,2,1046,3823
50838333,Pf4,5335,11082,4,2110,4907
50838334,Pf4,4888,10266,1,1663,4091
50838335,Pf4,13045,13516,1,9820,7341
50838336,Pf4,12636,8462,1,9411,2287
50838337,Pf4,12681,11295,2,9456,5120
50838338,Pf4,8350,13400,1,5125,7225
50838339,Pf4,8357,13493,3,5132,7318
50838340,Pf4,9180,9705,1,5955,3530
